{
    "orientation": "H",
    "left": {
        "orientation": "V",
        "left": {
            "widget": {
                "geometry": {
                    "x": 0.0020833334419876339,
                    "y": 0.03441494703292847,
                    "width": 0.5067708492279053,
                    "height": 0.6430678367614746
                },
                "tabs": [
                    "View"
                ]
            }
        },
        "right": {
            "widget": {
                "geometry": {
                    "x": 0.0020833334419876339,
                    "y": 0.6814159154891968,
                    "width": 0.5067708492279053,
                    "height": 0.21632251143455506
                },
                "tabs": [
                    "Parameter",
                    "Data",
                    "Logger"
                ]
            }
        }
    },
    "right": {
        "widget": {
            "geometry": {
                "x": 0.510937511920929,
                "y": 0.03441494703292847,
                "width": 0.4869791567325592,
                "height": 0.8633235096931458
            },
            "tabs": [
                "Editor"
            ]
        }
    }
}