{
    "orientation": "V",
    "left": {
        "orientation": "H",
        "left": {
            "widget": {
                "geometry": {
                    "x": 0.0020833334419876339,
                    "y": 0.03441494703292847,
                    "width": 0.5927083492279053,
                    "height": 0.39036381244659426
                },
                "tabs": [
                    "View"
                ]
            }
        },
        "right": {
            "widget": {
                "geometry": {
                    "x": 0.596875011920929,
                    "y": 0.03441494703292847,
                    "width": 0.4010416567325592,
                    "height": 0.39036381244659426
                },
                "tabs": [
                    "Logger",
                    "Parameter",
                    "Data"
                ]
            }
        }
    },
    "right": {
        "widget": {
            "geometry": {
                "x": 0.0020833334419876339,
                "y": 0.4287118911743164,
                "width": 0.9958333373069763,
                "height": 0.4690265357494354
            },
            "tabs": [
                "Editor"
            ]
        }
    }
}